               epoch,      train/box_loss,      train/obj_loss,      train/cls_loss,   metrics/precision,      metrics/recall,     metrics/mAP_0.5,metrics/mAP_0.5:0.95,        val/box_loss,        val/obj_loss,        val/cls_loss,               x/lr0,               x/lr1,               x/lr2
                   0,            0.085302,            0.039367,              0.0129,             0.25467,             0.36408,             0.22221,            0.067511,            0.064015,            0.022149,           0.0031112,           0.0033287,           0.0033287,            0.070042
                   1,            0.065594,            0.033587,           0.0017037,             0.41745,             0.39549,             0.35095,             0.12253,            0.059815,            0.018946,           0.0014393,           0.0066606,           0.0066606,             0.04004
                   2,            0.062125,            0.032292,           0.0015451,             0.34476,             0.47498,             0.34344,             0.10066,            0.054869,            0.019278,           0.0015187,           0.0099865,           0.0099865,            0.010033
                   3,            0.058033,            0.032572,           0.0012849,             0.56626,             0.41315,              0.4625,             0.18056,            0.051764,            0.019122,          0.00083062,             0.00998,             0.00998,             0.00998
                   4,            0.052545,            0.031834,           0.0007861,             0.49346,             0.51914,             0.44883,              0.1665,            0.049068,            0.019069,          0.00068014,             0.00998,             0.00998,             0.00998
                   5,            0.051076,            0.033197,          0.00061164,             0.47002,             0.49166,             0.43739,             0.15814,            0.049277,            0.019391,          0.00062643,           0.0099645,           0.0099645,           0.0099645
                   6,            0.050691,            0.034167,          0.00055167,             0.52372,             0.48086,             0.47187,             0.17987,            0.048225,            0.019324,          0.00048712,           0.0099446,           0.0099446,           0.0099446
                   7,            0.048195,            0.032618,          0.00050413,             0.56705,             0.51129,             0.51701,              0.2051,            0.047856,            0.018552,          0.00045502,           0.0099203,           0.0099203,           0.0099203
                   8,            0.047575,            0.032214,          0.00044934,             0.50319,             0.48184,              0.4402,             0.15418,            0.048867,            0.018961,          0.00039169,           0.0098916,           0.0098916,           0.0098916
                   9,            0.046831,            0.031533,          0.00045848,             0.54648,              0.5368,             0.53132,             0.21937,            0.045977,            0.018707,          0.00046809,           0.0098586,           0.0098586,           0.0098586
                  10,            0.045728,            0.032817,          0.00036679,              0.5674,             0.55545,             0.56206,             0.22835,            0.044761,            0.018526,            0.000373,           0.0098213,           0.0098213,           0.0098213
                  11,            0.045823,             0.03284,          0.00039514,              0.5521,             0.53876,             0.51981,             0.20462,            0.044637,             0.01884,          0.00026016,           0.0097798,           0.0097798,           0.0097798
                  12,            0.044954,            0.032529,          0.00031064,             0.60368,              0.5441,             0.56206,             0.22879,            0.045115,            0.018199,          0.00028154,            0.009734,            0.009734,            0.009734
                  13,            0.044505,            0.030897,          0.00030409,             0.57178,             0.51129,             0.52609,             0.21828,            0.043898,            0.018686,          0.00031764,            0.009684,            0.009684,            0.009684
                  14,            0.043911,            0.030655,          0.00030838,             0.59317,             0.57311,             0.55908,             0.22356,            0.044915,            0.018093,           0.0002628,           0.0096299,           0.0096299,           0.0096299
                  15,            0.043462,            0.032758,          0.00028315,             0.57905,             0.56624,             0.54311,             0.21711,            0.046076,            0.018941,          0.00027375,           0.0095717,           0.0095717,           0.0095717
                  16,            0.043394,            0.031262,          0.00025996,             0.63621,             0.52895,             0.57716,             0.23416,            0.044698,            0.018171,          0.00024135,           0.0095095,           0.0095095,           0.0095095
                  17,            0.043641,            0.030119,          0.00028467,             0.64321,             0.56614,             0.59868,             0.24018,            0.044477,            0.018503,          0.00027246,           0.0094434,           0.0094434,           0.0094434
                  18,            0.042191,            0.032332,          0.00025088,              0.6476,             0.54269,             0.58653,             0.25416,            0.044167,            0.018614,          0.00021376,           0.0093733,           0.0093733,           0.0093733
                  19,            0.042011,            0.030484,          0.00021978,             0.60663,             0.58489,             0.58063,             0.25138,            0.044799,            0.018546,          0.00023359,           0.0092995,           0.0092995,           0.0092995
                  20,            0.042276,            0.030215,          0.00024087,             0.60796,             0.53113,             0.56821,             0.23292,            0.044903,            0.018722,          0.00023089,           0.0092219,           0.0092219,           0.0092219
                  21,            0.041905,            0.029995,          0.00023665,             0.66575,             0.53582,               0.597,             0.25476,            0.043753,            0.018016,          0.00021634,           0.0091406,           0.0091406,           0.0091406
                  22,            0.041392,            0.029748,          0.00021872,              0.6961,             0.52699,             0.60688,              0.2666,            0.043208,            0.018051,          0.00019346,           0.0090557,           0.0090557,           0.0090557
                  23,            0.041257,            0.030187,          0.00021809,             0.65639,             0.54661,             0.57193,             0.25385,            0.044382,            0.018575,          0.00020708,           0.0089673,           0.0089673,           0.0089673
                  24,            0.041423,            0.030397,          0.00020924,             0.65468,             0.55629,             0.58826,             0.25464,            0.043818,            0.018326,          0.00018505,           0.0088755,           0.0088755,           0.0088755
                  25,            0.041504,            0.029789,          0.00020696,             0.57998,             0.60436,             0.59257,              0.2554,            0.043337,            0.018063,          0.00017092,           0.0087804,           0.0087804,           0.0087804
                  26,            0.040637,             0.02958,          0.00017214,             0.64501,             0.57115,             0.60192,             0.26509,            0.042757,            0.018125,          0.00015499,            0.008682,            0.008682,            0.008682
                  27,            0.039948,            0.030075,          0.00016839,             0.56867,             0.60451,             0.57786,             0.24484,            0.042958,            0.018125,          0.00015077,           0.0085805,           0.0085805,           0.0085805
                  28,             0.04075,            0.028041,          0.00018972,              0.6047,             0.59748,             0.59725,              0.2668,            0.043233,            0.018131,          0.00020277,           0.0084759,           0.0084759,           0.0084759
                  29,            0.039419,            0.029137,          0.00019044,             0.59462,             0.57605,             0.57391,             0.25486,            0.043399,            0.018071,          0.00016035,           0.0083684,           0.0083684,           0.0083684
                  30,            0.039604,            0.028829,          0.00016354,             0.68815,             0.56521,             0.62343,             0.27119,            0.042562,            0.018272,          0.00015099,           0.0082581,           0.0082581,           0.0082581
                  31,            0.039111,            0.030816,          0.00017202,             0.63602,             0.60059,             0.60529,             0.26495,            0.042668,            0.018076,          0.00015889,            0.008145,            0.008145,            0.008145
                  32,            0.038579,            0.027187,          0.00015512,             0.61262,             0.60216,             0.59567,             0.26747,            0.042607,            0.018348,          0.00015643,           0.0080294,           0.0080294,           0.0080294
                  33,            0.038978,            0.028607,          0.00017021,             0.63173,             0.59593,             0.61297,              0.2779,             0.04173,            0.018411,          0.00016574,           0.0079112,           0.0079112,           0.0079112
                  34,            0.038031,            0.028716,          0.00015694,             0.66415,             0.59274,             0.61948,             0.28104,            0.042224,            0.017685,          0.00012946,           0.0077907,           0.0077907,           0.0077907
                  35,            0.038029,            0.028941,          0.00014149,             0.69101,             0.55524,             0.62406,             0.28455,             0.04237,            0.018084,          0.00013703,           0.0076679,           0.0076679,           0.0076679
                  36,            0.038598,            0.026837,          0.00013492,             0.68482,             0.58292,             0.62069,             0.27025,            0.042156,            0.017901,          0.00012819,            0.007543,            0.007543,            0.007543
                  37,            0.038492,            0.029958,          0.00014699,             0.62833,             0.60059,             0.61849,             0.27741,             0.04234,             0.01832,           0.0001265,            0.007416,            0.007416,            0.007416
                  38,            0.038172,            0.028316,          0.00013699,             0.60653,             0.62807,             0.60006,             0.26039,            0.042803,            0.018028,          0.00013201,           0.0072872,           0.0072872,           0.0072872
                  39,            0.037653,            0.027706,          0.00014331,             0.60244,             0.63646,             0.62875,             0.28998,             0.04157,            0.018022,          0.00012739,           0.0071566,           0.0071566,           0.0071566
                  40,            0.038004,              0.0288,          0.00015797,             0.62125,             0.63744,             0.62887,             0.27544,            0.042391,            0.018187,          0.00015152,           0.0070243,           0.0070243,           0.0070243
                  41,            0.036656,            0.027849,          0.00013516,             0.61077,             0.61629,             0.60811,             0.27187,            0.042697,            0.018027,          0.00012462,           0.0068906,           0.0068906,           0.0068906
                  42,            0.036577,            0.029085,           0.0001333,             0.61751,             0.60844,             0.60976,             0.27437,            0.042414,             0.01832,          0.00012982,           0.0067555,           0.0067555,           0.0067555
                  43,            0.036581,            0.027572,          0.00012083,             0.66487,             0.58489,             0.60957,             0.27251,            0.042283,             0.01797,          0.00011745,           0.0066191,           0.0066191,           0.0066191
                  44,            0.035816,            0.027527,          0.00010968,             0.64613,             0.61825,             0.61031,              0.2747,            0.042392,            0.018433,          0.00010716,           0.0064816,           0.0064816,           0.0064816
                  45,             0.03628,            0.027572,           0.0001155,             0.67789,             0.56624,              0.6132,             0.28063,            0.041915,            0.018162,           0.0001245,           0.0063432,           0.0063432,           0.0063432
                  46,            0.035634,            0.027944,          0.00011289,             0.61489,             0.61423,             0.59611,             0.27407,            0.041818,            0.018231,          0.00012431,            0.006204,            0.006204,            0.006204
                  47,            0.036177,            0.027838,          0.00011037,             0.61224,             0.60844,             0.60465,             0.26816,            0.042352,             0.01828,           0.0001021,            0.006064,            0.006064,            0.006064
                  48,            0.035537,            0.027226,          0.00016558,             0.64635,              0.6104,             0.60442,             0.27852,            0.042228,            0.018299,          0.00011211,           0.0059235,           0.0059235,           0.0059235
                  49,            0.034985,            0.026625,          0.00010724,             0.67422,             0.58288,             0.61082,             0.28475,             0.04239,            0.018609,           0.0001045,           0.0057826,           0.0057826,           0.0057826
                  50,            0.034852,            0.026129,          9.4348e-05,             0.62914,             0.57704,             0.58293,             0.26418,            0.042091,            0.018519,          0.00010433,           0.0056413,           0.0056413,           0.0056413
                  51,            0.035492,            0.026952,          0.00011413,             0.60185,             0.62899,             0.60399,             0.27888,            0.042176,            0.018663,          9.7678e-05,              0.0055,              0.0055,              0.0055
                  52,            0.034503,            0.024555,          8.2348e-05,             0.61233,             0.62709,             0.60979,             0.28011,            0.042848,             0.01881,          9.5824e-05,           0.0053587,           0.0053587,           0.0053587
                  53,            0.034408,            0.026734,          7.7878e-05,             0.60307,             0.61629,             0.60415,             0.27591,             0.04216,            0.018562,          8.0484e-05,           0.0052174,           0.0052174,           0.0052174
                  54,            0.034434,            0.025039,          9.2686e-05,             0.62622,             0.60059,             0.60804,             0.28311,            0.042039,            0.018852,          9.4312e-05,           0.0050765,           0.0050765,           0.0050765
                  55,            0.034256,            0.028618,          8.8703e-05,             0.62896,             0.62905,             0.60492,             0.27511,            0.041747,            0.018538,          8.7056e-05,            0.004936,            0.004936,            0.004936
                  56,            0.034231,            0.026512,          8.2319e-05,             0.64898,             0.61727,             0.62356,             0.28751,            0.042053,            0.018671,          9.0729e-05,            0.004796,            0.004796,            0.004796
                  57,            0.033954,            0.026185,          9.3304e-05,             0.61215,             0.61923,             0.60303,              0.2751,            0.041923,            0.018318,          8.4236e-05,           0.0046568,           0.0046568,           0.0046568
                  58,            0.033079,            0.026597,          8.1173e-05,             0.62572,             0.63494,             0.63055,             0.29353,            0.041719,            0.018521,          8.6706e-05,           0.0045184,           0.0045184,           0.0045184
                  59,            0.033418,            0.026319,          8.4674e-05,             0.64206,             0.63197,             0.62695,             0.29556,            0.041801,            0.018584,          8.2727e-05,           0.0043809,           0.0043809,           0.0043809
                  60,            0.033288,             0.02552,          7.9158e-05,             0.65262,             0.61138,              0.6176,             0.29005,            0.042089,            0.018582,          8.1536e-05,           0.0042445,           0.0042445,           0.0042445
                  61,            0.033045,            0.024993,          7.7929e-05,              0.6551,             0.61137,             0.61296,             0.28804,            0.042142,            0.018677,          8.6081e-05,           0.0041094,           0.0041094,           0.0041094
                  62,            0.032202,            0.025727,          7.4483e-05,             0.67179,             0.57704,             0.60166,             0.28635,            0.041963,             0.01907,          7.3724e-05,           0.0039757,           0.0039757,           0.0039757
                  63,            0.032869,            0.026735,          7.4505e-05,             0.61573,             0.62709,             0.59561,             0.28173,            0.041624,            0.019087,           7.501e-05,           0.0038434,           0.0038434,           0.0038434
                  64,            0.032876,            0.025155,          6.6991e-05,             0.59947,             0.62572,              0.5973,             0.27858,            0.042052,             0.01899,          8.2292e-05,           0.0037128,           0.0037128,           0.0037128
                  65,            0.031924,            0.025609,          6.7416e-05,             0.62997,             0.61818,             0.60527,             0.28902,             0.04214,            0.019267,          8.3353e-05,            0.003584,            0.003584,            0.003584
                  66,            0.031555,            0.024454,          6.2139e-05,             0.60446,             0.61335,             0.59127,             0.27624,            0.041736,            0.019447,          7.2368e-05,            0.003457,            0.003457,            0.003457
                  67,            0.031826,            0.024538,          7.4936e-05,             0.69882,              0.5829,              0.6151,             0.29139,            0.041621,            0.019458,          8.3384e-05,           0.0033321,           0.0033321,           0.0033321
                  68,             0.03142,            0.025999,          6.3883e-05,             0.63581,             0.61727,             0.61093,             0.29272,            0.041247,            0.018879,          8.3781e-05,           0.0032093,           0.0032093,           0.0032093
                  69,            0.031173,            0.025401,          5.5943e-05,             0.62551,             0.61304,             0.61164,             0.28708,            0.041682,            0.019017,          7.2331e-05,           0.0030888,           0.0030888,           0.0030888
                  70,            0.031299,            0.023956,          5.6436e-05,              0.6505,             0.61919,             0.63348,             0.29956,            0.041788,            0.018714,          6.7336e-05,           0.0029706,           0.0029706,           0.0029706
                  71,            0.030611,            0.023507,          5.5464e-05,              0.6265,              0.6261,             0.60775,              0.2818,            0.041898,            0.019293,          6.9048e-05,            0.002855,            0.002855,            0.002855
                  72,            0.030754,            0.023412,          5.6179e-05,             0.63683,             0.61629,              0.6029,             0.28165,            0.041743,            0.018989,          6.8364e-05,           0.0027419,           0.0027419,           0.0027419
                  73,            0.030312,            0.024674,          5.2521e-05,             0.63292,              0.6104,             0.61052,             0.29296,            0.041888,            0.019163,          6.7184e-05,           0.0026316,           0.0026316,           0.0026316
                  74,            0.031184,            0.025674,          5.6019e-05,              0.6045,             0.62905,             0.60374,             0.29389,            0.041966,              0.0192,          6.8792e-05,           0.0025241,           0.0025241,           0.0025241
                  75,            0.029929,             0.02179,          5.0665e-05,             0.61008,             0.66045,              0.6137,              0.2927,            0.041377,            0.019106,          6.3923e-05,           0.0024195,           0.0024195,           0.0024195
                  76,            0.030607,            0.023692,          4.7518e-05,             0.62589,             0.61138,             0.59592,             0.28491,            0.041533,            0.019292,          6.3837e-05,            0.002318,            0.002318,            0.002318
                  77,            0.029938,            0.024525,          5.0074e-05,             0.64337,             0.62022,             0.61355,             0.29599,            0.041185,            0.019241,          6.4026e-05,           0.0022196,           0.0022196,           0.0022196
                  78,            0.030126,            0.023196,          4.8352e-05,             0.62675,              0.6196,             0.60301,             0.28813,              0.0413,            0.019411,           6.608e-05,           0.0021245,           0.0021245,           0.0021245
                  79,            0.029751,            0.023568,          4.6291e-05,             0.63326,             0.63377,             0.61544,             0.29857,            0.042061,            0.019259,          6.3041e-05,           0.0020327,           0.0020327,           0.0020327
                  80,            0.030199,            0.024501,          4.6375e-05,             0.65534,             0.63068,             0.62137,              0.3029,            0.041773,            0.019243,          6.0875e-05,           0.0019443,           0.0019443,           0.0019443
                  81,            0.029528,            0.023033,          4.3622e-05,             0.61638,             0.63886,             0.61658,             0.29902,            0.041431,            0.019464,          6.1245e-05,           0.0018594,           0.0018594,           0.0018594
                  82,            0.029362,             0.02392,          4.4987e-05,             0.67963,             0.59961,             0.62044,             0.30382,            0.041586,            0.019292,          6.2297e-05,           0.0017781,           0.0017781,           0.0017781
                  83,            0.029309,            0.024038,          4.2622e-05,             0.64517,             0.59961,              0.5987,             0.28946,            0.041797,            0.019406,          6.5414e-05,           0.0017005,           0.0017005,           0.0017005
                  84,            0.028789,             0.02353,          3.9805e-05,             0.61836,             0.62414,               0.608,             0.29644,            0.041271,            0.019088,          5.7353e-05,           0.0016267,           0.0016267,           0.0016267
                  85,             0.02918,            0.023075,          5.0041e-05,             0.64857,             0.59078,             0.60323,             0.29649,            0.041403,            0.019502,          5.8964e-05,           0.0015566,           0.0015566,           0.0015566
                  86,            0.028976,            0.023261,          3.8742e-05,             0.62094,             0.63788,             0.61445,              0.2992,            0.041111,            0.019443,           5.764e-05,           0.0014905,           0.0014905,           0.0014905
                  87,            0.029529,            0.024087,          4.5509e-05,             0.67903,             0.57301,             0.60513,             0.29526,             0.04178,            0.019358,          5.8316e-05,           0.0014283,           0.0014283,           0.0014283
                  88,            0.028302,            0.021647,          4.0184e-05,             0.62436,             0.63287,             0.60345,              0.2952,            0.042057,            0.019689,          6.2167e-05,           0.0013701,           0.0013701,           0.0013701
                  89,            0.027969,             0.02216,          3.7405e-05,             0.67021,              0.5947,             0.60513,             0.29798,            0.042155,             0.01951,          6.0711e-05,            0.001316,            0.001316,            0.001316
                  90,            0.028095,            0.022322,           4.103e-05,             0.63666,             0.62807,             0.61486,             0.30598,            0.041622,            0.019674,          5.8929e-05,            0.001266,            0.001266,            0.001266
                  91,            0.029234,            0.024589,          3.9351e-05,             0.65786,             0.60451,             0.60325,             0.29429,            0.042143,            0.019675,          6.3477e-05,           0.0012202,           0.0012202,           0.0012202
                  92,            0.028282,            0.023409,          3.7926e-05,             0.63963,             0.63101,             0.61367,             0.29967,             0.04175,            0.019789,          5.8917e-05,           0.0011787,           0.0011787,           0.0011787
                  93,            0.028039,            0.021906,          3.7745e-05,             0.67331,             0.58685,             0.60671,             0.29569,            0.042485,             0.01945,          5.9021e-05,           0.0011414,           0.0011414,           0.0011414
                  94,            0.028795,            0.023272,          3.6509e-05,             0.67229,             0.59078,             0.61652,             0.29805,            0.041437,            0.019487,          5.4849e-05,           0.0011084,           0.0011084,           0.0011084
                  95,            0.028212,            0.022677,          4.1515e-05,             0.65753,               0.618,             0.61564,             0.29676,            0.041687,            0.019604,          5.7624e-05,           0.0010797,           0.0010797,           0.0010797
                  96,            0.027922,            0.021692,          3.6442e-05,             0.62154,             0.64377,             0.61467,             0.30124,            0.041358,            0.019495,          5.4242e-05,           0.0010554,           0.0010554,           0.0010554
                  97,            0.028138,            0.022976,          3.5856e-05,             0.68048,             0.60255,             0.62025,             0.30042,            0.041627,            0.019864,          5.9566e-05,           0.0010355,           0.0010355,           0.0010355
                  98,            0.027988,            0.022337,          3.4411e-05,              0.6769,              0.6212,             0.62669,             0.30736,            0.041698,            0.019742,          5.8855e-05,             0.00102,             0.00102,             0.00102
                  99,            0.027533,            0.022709,          4.2524e-05,             0.61322,              0.6683,             0.62142,             0.30253,            0.041818,            0.019744,          6.0203e-05,           0.0010089,           0.0010089,           0.0010089
